name,docking_score,glide_energy,MW,rotatable_bonds
ADA-UNI-f8e7,-8.13613,-51.046,333.41,8
ALP-POS-6747,-7.19466,-48.3959,313.38,4
LON-WEI-adc5,-7.151,-54.1954,423.56,7
LON-WEI-adc5,-7.12934,-51.6364,423.56,7
AAR-POS-0daf,-7.07849,-33.6979,234.30,4
ADA-UCB-6c2c,-7.02223,-44.6181,296.76,3
JAG-UCB-a3ef,-6.97229,-45.9322,304.73,4
JAG-UCB-a3ef,-6.78486,-44.7508,304.73,4
MAT-POS-fa06,-6.70935,-48.5382,348.45,5
MAK-UNK-6435,-6.68579,-31.8581,206.31,4
MAK-UNK-6435,-6.65153,-33.2813,206.31,4
MAK-UNK-6435,-6.51286,-32.489,206.31,4
AAR-POS-d2a4,-6.49464,-44.8434,293.35,3
LOR-NEU-c8f1,-6.3991,-37.1699,228.23,3
AAR-POS-d2a4,-6.39278,-37.6052,249.33,5
ADA-UNI-f8e7,-6.35211,-52.1129,333.41,8
MAT-POS-b3e3,-6.33959,-42.0712,302.76,3
JAN-GHE-83b2,-6.29192,-39.0256,274.75,5
MAK-UNK-6435,-6.23561,-30.4355,206.31,4
AAR-POS-0daf,-6.22898,-38.8149,209.25,3
BAR-COM-0f94,-6.19479,-41.6529,299.76,4
AAR-POS-0daf,-6.18721,-39.0925,249.30,4
MAK-UNK-6435,-6.1454,-31.4023,206.31,4
LOR-NEU-c8f1,-6.1335,-38.3168,228.23,3
AAR-POS-d2a4,-6.1079,-35.2197,213.24,2
MED-COV-4280,-6.10422,-43.1846,315.44,5
MAT-POS-590a,-6.02775,-32.2152,230.31,3
MAK-UNK-6435,-5.9905,-30.546,206.31,4
AAR-POS-0daf,-5.98593,-37.5317,209.25,3
LON-WEI-120e,-5.98145,-36.5766,260.34,4
AAR-POS-d2a4,-5.91403,-35.3239,238.31,2
MAT-POS-c997,-5.88777,-39.4608,290.75,6
ALP-POS-6747,-5.84548,-43.7924,312.37,4
AAR-POS-0daf,-5.82333,-27.0708,177.25,3
DAV-CRI-3edb,-5.78378,-34.7246,213.66,5
AAR-POS-d2a4,-5.78358,-34.1786,220.25,4
ALP-POS-95b7,-5.7779,-37.9398,266.34,5
MAK-UNK-6435,-5.75744,-29.4659,206.31,4
MAK-UNK-6435,-5.7571,-30.9077,206.31,4
AAR-POS-0daf,-5.7427,-29.1159,205.27,6
AAR-POS-0daf,-5.711,-23.2649,95.10,0
MAT-POS-590a,-5.65784,-31.4735,230.31,3
AAR-POS-0daf,-5.64146,-29.0049,178.26,3
AAR-POS-0daf,-5.60859,-38.5037,248.31,4
AAR-POS-d2a4,-5.57743,-37.7731,244.27,4
MAT-POS-fa06,-5.49358,-42.0758,348.45,5
AAR-POS-0daf,-5.4747,-35.2173,209.25,4
AAR-POS-d2a4,-5.46821,-39.2067,302.78,3
AAR-POS-0daf,-5.32822,-43.6661,249.30,3
DAV-CRI-3edb,-5.18689,-32.9092,213.66,5
MED-COV-4280,-5.13952,-43.424,316.45,5
AAR-POS-d2a4,-4.98348,-37.1219,248.33,5
AAR-POS-d2a4,-4.91932,-39.901,245.28,4
AAR-POS-d2a4,-4.58508,-38.2895,214.25,2
JAN-GHE-83b2,-4.55966,-43.0466,275.76,5
ALP-POS-95b7,-4.42642,-40.2939,267.35,5
MAT-POS-590a,-4.42244,-39.2328,231.32,3
AAR-POS-0daf,-4.21159,-35.7206,235.31,4
AAR-POS-0daf,-3.79073,-37.1036,248.29,4
MAT-POS-b3e3,-3.79021,-43.3126,303.77,3
MAT-POS-c997,-3.78781,-41.2653,291.76,6
MAT-POS-590a,-2.56335,-36.7575,231.32,3
